<application>
  <component name="GeneralSettings">
    <option name="showTipsOnStartup" value="false" />
    <option name="confirmExit" value="false" />
    <option name="confirmOpenNewProject2" value="-1" />
    <option name="processCloseConfirmation" value="TERMINATE" />
  </component>
  <component name="Registry">
    <entry key="ide.instant.shutdown" value="false" />
    <entry key="moved.to.new.ui" value="true" />
    <entry key="ide.experimental.ui" value="true" />
    <entry key="i18n.locale" value="" />
  </component>
  <component name="StatusBar">
    <option name="widgets">
      <map>
        <entry key="JSONSchemaSelector" value="false" />
      </map>
    </option>
  </component>
</application>