<application>
  <component name="BuildProcessSatisfactionSurveyStore">
    <option name="daysWithGradleBuilds" value="5" />
    <option name="firstKotlinGradleBuildTime" value="1735565343" />
    <option name="lastKotlinGradleBuildTime" value="1736577030" />
    <option name="nextCountedGradleBuild" value="1736663430" />
  </component>
  <component name="KotlinNewUserTracker">
    <option name="firstKtFileOpened" value="1735565292" />
    <option name="lastKtFileOpened" value="1736640301" />
    <option name="newKtUserSince" value="1735565292" />
  </component>
</application>