<application>
  <component name="Trusted.Paths">
    <option name="TRUSTED_PROJECT_PATHS">
      <map>
        <entry key="C:\GitProjects\2chBox" value="true" />
        <entry key="C:\GitProjects\5chBox" value="true" />
        <entry key="C:\GitProjects\BackHomeProxy_android" value="true" />
        <entry key="C:\GitProjects\BottomNavigationTest" value="true" />
        <entry key="C:\GitProjects\DeleteLaterAndroidPoejct" value="true" />
        <entry key="C:\GitProjects\ListVideoPlayer" value="true" />
        <entry key="C:\GitProjects\Material3TEstMyApplication" value="true" />
        <entry key="C:\GitProjects\MyApplication" value="true" />
        <entry key="C:\GitProjects\MyApplication2" value="true" />
        <entry key="C:\GitProjects\MyApplicationTest" value="true" />
        <entry key="C:\GitProjects\MyApplicationViewmodel" value="true" />
        <entry key="C:\GitProjects\ScreenMessage" value="true" />
        <entry key="C:\GitProjects\VideoListPlayer" value="true" />
        <entry key="C:\GitProjects\VideoPlayer" value="true" />
        <entry key="C:\GitProjects\android_git_ux" value="true" />
        <entry key="C:\GitProjects\canlang_android\CanLang" value="true" />
        <entry key="C:\GitProjects\doorlang_root\AndroidCanLang" value="true" />
        <entry key="C:\GitProjects\doorlang_root\other_projects\AndroidCanLang" value="true" />
        <entry key="C:\GitProjects\pyjs\kotlin\CanLang" value="true" />
        <entry key="C:\GitProjects\respool" value="true" />
        <entry key="C:\GitProjects\videoListPlayer2" value="true" />
        <entry key="C:\Users\wikihow\StudioProjects\Sync2ch_premium_copy2" value="true" />
        <entry key="C:\Users\wikihow\StudioProjects\backhome_ether" value="true" />
      </map>
    </option>
  </component>
  <component name="Trusted.Paths.Settings">
    <option name="TRUSTED_PATHS">
      <list>
        <option value="C:\GitProjects\canlang_android" />
        <option value="C:\GitProjects\doorlang_root\other_projects" />
        <option value="C:\GitProjects" />
      </list>
    </option>
  </component>
</application>