<application>
  <component name="UISettings">
    <option name="EDITOR_TAB_LIMIT" value="80" />
    <option name="MARK_MODIFIED_TABS_WITH_ASTERISK" value="true" />
    <option name="OPEN_TABS_AT_THE_END" value="true" />
    <option name="SCROLL_TAB_LAYOUT_IN_EDITOR" value="false" />
    <option name="SEPARATE_MAIN_MENU" value="true" />
    <option name="SHOW_CLOSE_BUTTON" value="false" />
    <option name="SHOW_MAIN_TOOLBAR" value="true" />
    <option name="SHOW_NAVIGATION_BAR" value="false" />
    <option name="UI_DENSITY" value="COMPACT" />
    <option name="CONTRAST_SCROLLBARS" value="true" />
  </component>
</application>