<application>
  <component name="DimensionService">
    <location key="WELCOME_SCREEN.0.0.2560.1440" x="1280" y="300" />
    <location key="find.popup.0.0.2560.1440" x="1258" y="206" />
    <size key="GridCell.Tab.0.left.0.0.2560.1440" width="1778" height="186" />
    <size key="GridCell.Tab.0.center.0.0.2560.1440" width="1778" height="186" />
    <size key="GridCell.Tab.0.right.0.0.2560.1440" width="1778" height="186" />
    <size key="GridCell.Tab.0.bottom.0.0.2560.1440" width="1778" height="186" />
    <size key="find.popup.0.0.2560.1440" width="714" height="602" />
    <size key="GridCell.Tab.1.left.0.0.2560.1440" width="1778" height="186" />
    <size key="GridCell.Tab.1.center.0.0.2560.1440" width="1778" height="186" />
    <size key="GridCell.Tab.1.right.0.0.2560.1440" width="1778" height="186" />
    <size key="GridCell.Tab.1.bottom.0.0.2560.1440" width="1778" height="186" />
  </component>
  <component name="WindowManager">
    <frame x="206" y="58" width="1860" height="1309" />
  </component>
  <component name="WindowStateApplicationService">
    <state x="1366" y="588" width="800" height="650" key="WELCOME_SCREEN" timestamp="1734955678257">
      <screen x="172" y="0" width="2388" height="1440" />
    </state>
    <state x="1366" y="588" width="800" height="650" key="WELCOME_SCREEN/172.0.2388.1440/-2560.0.1707.1036" timestamp="1734955678257" />
  </component>
</application>